section,row
101,M
101,L
101,K
101,J
101,H
101,G
101,F
101,E
101,D
101,C
101,B
101,A
102,M
102,L
102,K
102,J
102,H
102,G
102,F
102,E
102,D
102,C
102,B
102,A
103,M
103,L
103,K
103,J
103,H
103,G
103,F
103,E
103,D
103,C
103,B
103,A
104,M
104,L
104,K
104,J
104,H
104,G
104,F
104,E
104,D
104,C
104,B
104,A
105,M
105,L
105,K
105,J
105,H
105,G
105,F
105,E
105,D
105,C
105,B
105,A
106,M
106,L
106,K
106,J
106,H
106,G
106,F
106,E
106,D
106,C
106,B
106,A
107,M
107,L
107,K
107,J
107,H
107,G
107,F
107,E
107,D
107,C
107,B
107,A
108,M
108,L
108,K
108,J
108,H
108,G
108,F
108,E
108,D
108,C
108,B
108,A
109,M
109,L
109,K
109,J
109,H
109,G
109,F
109,E
109,D
109,C
109,B
109,A
110,M
110,L
110,K
110,J
110,H
110,G
110,F
110,E
110,D
110,C
110,B
110,A
111,M
111,L
111,K
111,J
111,H
111,G
111,F
111,E
111,D
111,C
111,B
111,A
112,M
112,L
112,K
112,J
112,H
112,G
112,F
112,E
112,D
112,C
112,B
112,A
113,M
113,L
113,K
113,J
113,H
113,G
113,F
113,E
113,D
113,C
113,B
113,A
114,M
114,L
114,K
114,J
114,H
114,G
114,F
114,E
114,D
114,C
114,B
114,A
115,M
115,L
115,K
115,J
115,H
115,G
115,F
115,E
115,D
115,C
115,B
115,A
116,M
116,L
116,K
116,J
116,H
116,G
116,F
116,E
116,D
116,C
116,B
116,A
117,M
117,L
117,K
117,J
117,H
117,G
117,F
117,E
117,D
117,C
117,B
117,A
118,M
118,L
118,K
118,J
118,H
118,G
118,F
118,E
118,D
118,C
118,B
118,A
119,M
119,L
119,K
119,J
119,H
119,G
119,F
119,E
119,D
119,C
119,B
119,A
120,M
120,L
120,K
120,J
120,H
120,G
120,F
120,E
120,D
120,C
120,B
120,A
121,M
121,L
121,K
121,J
121,H
121,G
121,F
121,E
121,D
121,C
121,B
121,A
122,M
122,L
122,K
122,J
122,H
122,G
122,F
122,E
122,D
122,C
122,B
122,A
123,M
123,L
123,K
123,J
123,H
123,G
123,F
123,E
123,D
123,C
123,B
123,A
124,M
124,L
124,K
124,J
124,H
124,G
124,F
124,E
124,D
124,C
124,B
124,A
125,M
125,L
125,K
125,J
125,H
125,G
125,F
125,E
125,D
125,C
125,B
125,A
126,M
126,L
126,K
126,J
126,H
126,G
126,F
126,E
126,D
126,C
126,B
126,A
127,M
127,L
127,K
127,J
127,H
127,G
127,F
127,E
127,D
127,C
127,B
127,A
128,M
128,L
128,K
128,J
128,H
128,G
128,F
128,E
128,D
128,C
128,B
128,A
FLOOR,A
FLOOR2,B
FLOOR3,C
FLOOR4,C
201,N
201,M
201,L
201,K
201,J
201,H
201,G
201,F
201,E
201,D
201,C
201,B
201,A
202,N
202,M
202,L
202,K
202,J
202,H
202,G
202,F
202,E
202,D
202,C
202,B
202,A
203,L
203,K
203,J
203,H
203,G
203,F
203,E
203,D
203,C
203,B
203,A
204,N
204,M
204,L
204,K
204,J
204,H
204,G
204,F
204,E
204,D
204,C
204,B
204,A
205,N
205,M
205,L
205,K
205,J
205,H
205,G
205,F
205,E
205,D
205,C
205,B
205,A
206,L
206,K
206,J
206,H
206,G
206,F
206,E
206,D
206,C
206,B
206,A
207,N
207,M
207,L
207,K
207,J
207,H
207,G
207,F
207,E
207,D
207,C
207,B
207,A
208,N
208,M
208,L
208,K
208,J
208,H
208,G
208,F
208,E
208,D
208,C
208,B
208,A
209,N
209,M
209,L
209,K
209,J
209,H
209,G
209,F
209,E
209,D
209,C
209,B
209,A
210,L
210,K
210,J
210,H
210,G
210,F
210,E
210,D
210,C
210,B
210,A
211,N
211,M
211,L
211,K
211,J
211,H
211,G
211,F
211,E
211,D
211,C
211,B
211,A
212,N
212,M
212,L
212,K
212,J
212,H
212,G
212,F
212,E
212,D
212,C
212,B
212,A
213,L
213,K
213,J
213,H
213,G
213,F
213,E
213,D
213,C
213,B
213,A
214,N
214,M
214,L
214,K
214,J
214,H
214,G
214,F
214,E
214,D
214,C
214,B
214,A
215,N
215,M
215,L
215,K
215,J
215,H
215,G
215,F
215,E
215,D
215,C
215,B
215,A
216,N
216,M
216,L
216,K
216,J
216,H
216,G
216,F
216,E
216,D
216,C
216,B
216,A
217,L
217,K
217,J
217,H
217,G
217,F
217,E
217,D
217,C
217,B
217,A
218,N
218,M
218,L
218,K
218,J
218,H
218,G
218,F
218,E
218,D
218,C
218,B
218,A
219,N
219,M
219,L
219,K
219,J
219,H
219,G
219,F
219,E
219,D
219,C
219,B
219,A
220,L
220,K
220,J
220,H
220,G
220,F
220,E
220,D
220,C
220,B
220,A
221,N
221,M
221,L
221,K
221,J
221,H
221,G
221,F
221,E
221,D
221,C
221,B
221,A
222,N
222,M
222,L
222,K
222,J
222,H
222,G
222,F
222,E
222,D
222,C
222,B
222,A
223,N
223,M
223,L
223,K
223,J
223,H
223,G
223,F
223,E
223,D
223,C
223,B
223,A
224,L
224,K
224,J
224,H
224,G
224,F
224,E
224,D
224,C
224,B
224,A
225,N
225,M
225,L
225,K
225,J
225,H
225,G
225,F
225,E
225,D
225,C
225,B
225,A
226,N
226,M
226,L
226,K
226,J
226,H
226,G
226,F
226,E
226,D
226,C
226,B
226,A
227,L
227,K
227,J
227,H
227,G
227,F
227,E
227,D
227,C
227,B
227,A
228,N
228,M
228,L
228,K
228,J
228,H
228,G
228,F
228,E
228,D
228,C
228,B
228,A
301,S
301,R
301,Q
301,P
301,N
301,M
301,L
301,K
301,J
301,H
301,G
301,F
301,E
301,D
301,C
301,B
301,A
302,S
302,R
302,Q
302,P
302,N
302,M
302,L
302,K
302,J
302,H
302,G
302,F
302,E
302,D
303,S
303,R
303,Q
303,P
303,N
303,M
303,L
303,K
303,J
303,H
303,G
303,F
303,E
303,D
303,C
303,B
303,A
304,S
304,R
304,Q
304,P
304,N
304,M
304,L
304,K
304,J
304,H
304,G
304,F
304,E
304,D
305,S
305,R
305,Q
305,P
305,N
305,M
305,L
305,K
305,J
305,H
305,G
305,F
305,E
305,D
305,C
305,B
305,A
306,M
306,L
306,K
306,J
306,H
306,G
306,F
306,E
306,D
306,C
306,B
307,S
307,R
307,Q
307,P
307,N
307,M
307,L
307,K
307,J
307,H
307,G
307,F
307,E
307,D
307,C
307,B
307,A
308,S
308,R
308,Q
308,P
308,N
308,M
308,L
308,K
308,J
308,H
308,G
308,F
308,E
308,D
309,S
309,R
309,Q
309,P
309,N
309,M
309,L
309,K
309,J
309,H
309,G
309,F
309,E
309,D
309,C
309,B
309,A
310,S
310,R
310,Q
310,P
310,N
310,M
310,L
310,K
310,J
310,H
310,G
310,F
310,E
310,D
311,S
311,R
311,Q
311,P
311,N
311,M
311,L
311,K
311,J
311,H
311,G
311,F
311,E
311,D
311,C
311,B
311,A
312,S
312,R
312,Q
312,P
312,N
312,M
312,L
312,K
312,J
312,H
312,G
312,F
312,E
312,D
313,S
313,R
313,Q
313,P
313,N
313,M
313,L
313,K
313,J
313,H
313,G
313,F
313,E
313,D
313,C
313,B
313,A
314,S
314,R
314,Q
314,P
314,N
314,M
314,L
314,K
314,J
314,H
314,G
314,F
314,E
314,D
315,S
315,R
315,Q
315,P
315,N
315,M
315,L
315,K
315,J
315,H
315,G
315,F
315,E
315,D
315,C
315,B
315,A
316,S
316,R
316,Q
316,P
316,N
316,M
316,L
316,K
316,J
316,H
316,G
316,F
316,E
316,D
317,S
317,R
317,Q
317,P
317,N
317,M
317,L
317,K
317,J
317,H
317,G
317,F
317,E
317,D
317,C
317,B
317,A
318,S
318,R
318,Q
318,P
318,N
318,M
318,L
318,K
318,J
318,H
318,G
318,F
318,E
318,D
319,S
319,R
319,Q
319,P
319,N
319,M
319,L
319,K
319,J
319,H
319,G
319,F
319,E
319,D
319,C
319,B
319,A
320,S
320,R
320,Q
320,P
320,N
320,M
320,L
320,K
320,J
320,H
320,G
320,F
320,E
320,D
321,S
321,R
321,Q
321,P
321,N
321,M
321,L
321,K
321,J
321,H
321,G
321,F
321,E
321,D
321,C
321,B
321,A
322,S
322,R
322,Q
322,P
322,N
322,M
322,L
322,K
322,J
322,H
322,G
322,F
322,E
322,D
323,S
323,R
323,Q
323,P
323,N
323,M
323,L
323,K
323,J
323,H
323,G
323,F
323,E
323,D
323,C
323,B
323,A
324,S
324,R
324,Q
324,P
324,N
324,M
324,L
324,K
324,J
324,H
324,G
324,F
324,E
324,D
325,S
325,R
325,Q
325,P
325,N
325,M
325,L
325,K
325,J
325,H
325,G
325,F
325,E
325,D
325,C
325,B
325,A
326,S
326,R
326,Q
326,P
326,N
326,M
326,L
326,K
326,J
326,H
326,G
326,F
326,E
326,D
327,S
327,R
327,Q
327,P
327,N
327,M
327,L
327,K
327,J
327,H
327,G
327,F
327,E
327,D
327,C
327,B
327,A
328,N
328,M
328,L
328,K
328,J
328,H
328,G
328,F
328,E
328,D
328,C
328,B
329,S
329,R
329,Q
329,P
329,N
329,M
329,L
329,K
329,J
329,H
329,G
329,F
329,E
329,D
329,C
329,B
329,A
330,S
330,R
330,Q
330,P
330,N
330,M
330,L
330,K
330,J
330,H
330,G
330,F
330,E
330,D
331,S
331,R
331,Q
331,P
331,N
331,M
331,L
331,K
331,J
331,H
331,G
331,F
331,E
331,D
331,C
331,B
331,A
332,S
332,R
332,Q
332,P
332,N
332,M
332,L
332,K
332,J
332,H
332,G
332,F
332,E
332,D
333,S
333,R
333,Q
333,P
333,N
333,M
333,L
333,K
333,J
333,H
333,G
333,F
333,E
333,D
333,C
333,B
333,A
334,S
334,R
334,Q
334,P
334,N
334,M
334,L
334,K
334,J
334,H
334,G
334,F
334,E
334,D
335,S
335,R
335,Q
335,P
335,N
335,M
335,L
335,K
335,J
335,H
335,G
335,F
335,E
335,D
335,C
335,B
335,A
336,S
336,R
336,Q
336,P
336,N
336,M
336,L
336,K
336,J
336,H
336,G
336,F
336,E
336,D
337,S
337,R
337,Q
337,P
337,N
337,M
337,L
337,K
337,J
337,H
337,G
337,F
337,E
337,D
337,C
337,B
337,A
338,S
338,R
338,Q
338,P
338,N
338,M
338,L
338,K
338,J
338,H
338,G
338,F
338,E
338,D
339,S
339,R
339,Q
339,P
339,N
339,M
339,L
339,K
339,J
339,H
339,G
339,F
339,E
339,D
339,C
339,B
339,A
340,S
340,R
340,Q
340,P
340,N
340,M
340,L
340,K
340,J
340,H
340,G
340,F
340,E
340,D
341,S
341,R
341,Q
341,P
341,N
341,M
341,L
341,K
341,J
341,H
341,G
341,F
341,E
341,D
341,C
341,B
341,A
342,S
342,R
342,Q
342,P
342,N
342,M
342,L
342,K
342,J
342,H
342,G
342,F
342,E
342,D
343,S
343,R
343,Q
343,P
343,N
343,M
343,L
343,K
343,J
343,H
343,G
343,F
343,E
343,D
343,C
343,B
343,A
344,S
344,R
344,Q
344,P
344,N
344,M
344,L
344,K
344,J
344,H
344,G
344,F
344,E
344,D
STUD,100
STUD,99
STUD,98
STUD,97
STUD,96
STUD,95
STUD,94
STUD,93
STUD,92
STUD,91
STUD,90
STUD,89
STUD,88
STUD,87
STUD,86
STUD,85
STUD,84
STUD,83
STUD,82
STUD,81
STUD,80
STUD,79
STUD,78
STUD,77
STUD,76
STUD,75
STUD,74
STUD,73
STUD,72
STUD,71
STUD,70
STUD,69
STUD,68
STUD,67
STUD,66
STUD,65
STUD,64
STUD,63
STUD,62
STUD,61
STUD,60
STUD,59
STUD,58
STUD,57
STUD,56
STUD,55
STUD,54
STUD,53
STUD,52
STUD,51
STUD,50
STUD,49
STUD,48
STUD,47
STUD,46
STUD,45
STUD,44
STUD,43
STUD,42
STUD,41
STUD,40
STUD,39
STUD,38
STUD,37
STUD,36
STUD,35
STUD,34
STUD,33
STUD,32
STUD,31
STUD,30
STUD,29
STUD,28
STUD,27
STUD,26
STUD,25
STUD,24
STUD,23
STUD,22
STUD,21
STUD,20
STUD,19
STUD,18
STUD,17
STUD,16
STUD,15
STUD,14
STUD,13
STUD,12
STUD,11
STUD,10
STUD,9
STUD,8
STUD,7
STUD,6
STUD,5
STUD,4
STUD,3
STUD,2
STUD,1
112,WC
203,WC
206,WC
210,WC
213,WC
217,WC
220,WC
224,WC
227,WC